course;number;created_at;hiragana;katakana;kanji;german;pos;key;updated_at
A1.1;0;2019-02-21;あ;ア;;a;文字;;2019-07-07
A1.1;0;2019-02-21;い;イ;;i;文字;;2019-07-07
A1.1;0;2019-02-21;う;ウ;;u;文字;;2019-07-07
A1.1;0;2019-02-21;え;エ;;e;文字;;2019-07-07
A1.1;0;2019-02-21;お;オ;;o;文字;;2019-07-07
A1.1;0;2019-02-21;か;カ;;ka;文字;;2019-07-07
A1.1;0;2019-02-21;き;キ;;ki;文字;;2019-07-07
A1.1;0;2019-02-21;く;ク;;ku;文字;;2019-07-07
A1.1;0;2019-02-21;け;ケ;;ke;文字;;2019-07-07
A1.1;0;2019-02-21;こ;コ;;ko;文字;;2019-07-07
A1.1;0;2019-02-21;さ;サ;;sa;文字;;2019-07-07
A1.1;0;2019-02-21;し;シ;;shi;文字;;2019-07-07
A1.1;0;2019-02-21;す;ス;;su;文字;;2019-07-07
A1.1;0;2019-02-21;せ;セ;;se;文字;;2019-07-07
A1.1;0;2019-02-21;そ;ソ;;so;文字;;2019-07-07
A1.1;0;2019-02-21;た;タ;;ta;文字;;2019-07-07
A1.1;0;2019-02-21;ち;チ;;chi;文字;;2019-07-07
A1.1;0;2019-02-21;つ;ツ;;tsu;文字;;2019-07-07
A1.1;0;2019-02-21;て;テ;;te;文字;;2019-07-07
A1.1;0;2019-02-21;と;ト;;to;文字;;2019-07-07
A1.1;0;2019-02-21;な;ナ;;na;文字;;2019-07-07
A1.1;0;2019-02-21;に;ニ;;ni;文字;;2019-07-07
A1.1;0;2019-02-21;ぬ;ヌ;;nu;文字;;2019-07-07
A1.1;0;2019-02-21;ね;ネ;;ne;文字;;2019-07-07
A1.1;0;2019-02-21;の;ノ;;no;文字;;2019-07-07
A1.1;0;2019-02-21;は;ハ;;ha;文字;;2019-07-07
A1.1;0;2019-02-21;ひ;ヒ;;hi;文字;;2019-07-07
A1.1;0;2019-02-21;ふ;フ;;fu;文字;;2019-07-07
A1.1;0;2019-02-21;へ;ヘ;;he;文字;;2019-07-07
A1.1;0;2019-02-21;ほ;ホ;;ho;文字;;2019-07-07
A1.1;0;2019-02-21;ま;マ;;ma;文字;;2019-07-07
A1.1;0;2019-02-21;み;ミ;;mi;文字;;2019-07-07
A1.1;0;2019-02-21;む;ム;;mu;文字;;2019-07-07
A1.1;0;2019-02-21;め;メ;;me;文字;;2019-07-07
A1.1;0;2019-02-21;も;モ;;mo;文字;;2019-07-07
A1.1;0;2019-02-21;や;ヤ;;ya;文字;;2019-07-07
A1.1;0;2019-02-21;ゆ;ユ;;yu;文字;;2019-07-07
A1.1;0;2019-02-21;よ;ヨ;;yo;文字;;2019-07-07
A1.1;0;2019-02-21;ら;ラ;;ra;文字;;2019-07-07
A1.1;0;2019-02-21;り;リ;;ri;文字;;2019-07-07
A1.1;0;2019-02-21;る;ル;;ru;文字;;2019-07-07
A1.1;0;2019-02-21;れ;レ;;re;文字;;2019-07-07
A1.1;0;2019-02-21;ろ;ロ;;ro;文字;;2019-07-07
A1.1;0;2019-02-21;わ;ワ;;wa;文字;;2019-07-07
A1.1;0;2019-02-21;を;ヲ;;wo;文字;;2019-07-07
A1.1;0;2019-02-21;ん;ン;;n;文字;;2019-07-07
A1.1;0;2019-02-21;が;ガ;;ga;文字;;2019-07-07
A1.1;0;2019-02-21;ぎ;ギ;;gi;文字;;2019-07-07
A1.1;0;2019-02-21;ぐ;グ;;gu;文字;;2019-07-07
A1.1;0;2019-02-21;げ;ゲ;;ge;文字;;2019-07-07
A1.1;0;2019-02-21;ご;ゴ;;go;文字;;2019-07-07
A1.1;0;2019-02-21;ざ;ザ;;za;文字;;2019-07-07
A1.1;0;2019-02-21;じ;ジ;;ji;文字;;2019-07-20
A1.1;0;2019-02-21;ず;ズ;;zu;文字;;2019-07-07
A1.1;0;2019-02-21;ぜ;ゼ;;ze;文字;;2019-07-07
A1.1;0;2019-02-21;ぞ;ゾ;;zo;文字;;2019-07-07
A1.1;0;2019-02-21;だ;ダ;;da;文字;;2019-07-07
A1.1;0;2019-02-21;ぢ;ヂ;;dji;文字;;2019-07-07
A1.1;0;2019-02-21;づ;ヅ;;dzu;文字;;2019-07-07
A1.1;0;2019-02-21;で;デ;;de;文字;;2019-07-07
A1.1;0;2019-02-21;ど;ド;;do;文字;;2019-07-07
A1.1;0;2019-02-21;ば;バ;;ba;文字;;2019-07-07
A1.1;0;2019-02-21;び;ビ;;bi;文字;;2019-07-07
A1.1;0;2019-02-21;ぶ;ブ;;bu;文字;;2019-07-07
A1.1;0;2019-02-21;べ;ベ;;be;文字;;2019-07-07
A1.1;0;2019-02-21;ぼ;ボ;;bo;文字;;2019-07-07
A1.1;0;2019-02-21;ぱ;パ;;pa;文字;;2019-07-07
A1.1;0;2019-02-21;ぴ;ピ;;pi;文字;;2019-07-07
A1.1;0;2019-02-21;ぷ;プ;;pu;文字;;2019-07-07
A1.1;0;2019-02-21;ぺ;ペ;;pe;文字;;2019-07-07
A1.1;0;2019-02-21;ぽ;ポ;;po;文字;;2019-07-07
A1.1;0;2019-02-21;きや;キャ;;kya;文字;;2019-07-07
A1.1;0;2019-02-21;きゆ;キュ;;kyu;文字;;2019-07-07
A1.1;0;2019-02-21;きよ;キョ;;kyo;文字;;2019-07-07
A1.1;0;2019-02-21;しや;シャ;;sya;文字;;2019-07-07
A1.1;0;2019-02-21;しゆ;シュ;;syu;文字;;2019-07-07
A1.1;0;2019-02-21;しよ;ショ;;syo;文字;;2019-07-07
A1.1;0;2019-02-21;ちや;チャ;;tya;文字;;2019-07-07
A1.1;0;2019-02-21;ちゆ;チュ;;tyu;文字;;2019-07-07
A1.1;0;2019-02-21;ちよ;チョ;;tyo;文字;;2019-07-07
A1.1;0;2019-02-21;にや;ニャ;;nya;文字;;2019-07-07
A1.1;0;2019-02-21;にゆ;ニュ;;nyu;文字;;2019-07-07
A1.1;0;2019-02-21;によ;ニョ;;nyo;文字;;2019-07-07
A1.1;0;2019-02-21;ひや;ヒャ;;hya;文字;;2019-07-07
A1.1;0;2019-02-21;ひゆ;ヒュ;;hyu;文字;;2019-07-07
A1.1;0;2019-02-21;ひよ;ヒョ;;hyo;文字;;2019-07-07
A1.1;0;2019-02-21;みや;ミャ;;mya;文字;;2019-07-07
A1.1;0;2019-02-21;みゆ;ミュ;;myu;文字;;2019-07-07
A1.1;0;2019-02-21;みよ;ミョ;;myo;文字;;2019-07-07
A1.1;0;2019-02-21;りや;リャ;;rya;文字;;2019-07-07
A1.1;0;2019-02-21;りゆ;リュ;;ryu;文字;;2019-07-07
A1.1;0;2019-02-21;りよ;リョ;;ryo;文字;;2019-07-07
A1.1;0;2019-02-21;ぎや;ギャ;;gya;文字;;2019-07-07
A1.1;0;2019-02-21;ぎゆ;ギュ;;gyu;文字;;2019-07-07
A1.1;0;2019-02-21;ぎよ;ギョ;;gyo;文字;;2019-07-07
A1.1;0;2019-02-21;じや;ジャ;;zya;文字;;2019-07-07
A1.1;0;2019-02-21;じゆ;ジュ;;zyu;文字;;2019-07-07
A1.1;0;2019-02-21;じよ;ジョ;;zyo;文字;;2019-07-07
A1.1;0;2019-02-21;ぢゃ;ヂャ;;dya;文字;;2019-07-07
A1.1;0;2019-02-21;ぢゅ;ヂュ;;dyu;文字;;2019-07-07
A1.1;0;2019-02-21;ぢょ;ヂョ;;dyo;文字;;2019-07-07
A1.1;0;2019-02-21;びや;ビャ;;bya;文字;;2019-07-07
A1.1;0;2019-02-21;びゆ;ビュ;;byu;文字;;2019-07-07
A1.1;0;2019-02-21;びよ;ビョ;;byo;文字;;2019-07-07
A1.1;0;2019-02-21;ぴや;ピャ;;pya;文字;;2019-07-07
A1.1;0;2019-02-21;ぴゆ;ピュ;;pyu;文字;;2019-07-07
A1.1;0;2019-02-21;ぴよ;ピョ;;pyo;文字;;2019-07-07
A1.1;1;2019-02-21;あい;;愛;Liebe;名;;2019-07-20
A1.1;1;2019-02-21;いえ;;家;Haus;名;;2019-07-20
A1.1;1;2019-02-21;うえ;;上;oben;副;;2019-10-21
A1.1;1;2019-02-21;あお;;青;blau;形;;2019-10-21
A1.1;1;2019-02-21;はい;;;ja;副;;
A1.1;1;2019-02-21;いいえ;;;nein;副;;
A1.1;1;2019-02-21;じゅぎうょ;;授業;Unterricht;名;education;2019-07-20
A1.1;1;2019-02-21;にほんごの もじ;;日本語 文字;Japanische 文字n;名;japanese_letters;2019-07-20
A1.1;1;2019-02-21;おたのしみ;;お楽しみ;Vergnügen / Freude;名;joy;2019-10-21
A1.1;1;2019-02-21;せんせい;;先生;Lehrer(in);名;teacher;2019-07-20
A1.1;1;2019-02-21;せいと;;生徒;Schüler(in);名;student;2019-07-20
A1.1;1;2019-02-21;あいさつ ;;挨拶;Gruß / Grüße;名;regards;2019-10-21
A1.1;1;2019-02-21;はじめまして。;;初めまして。;Darf ich mich vorstellen?;文;may_i_introduce;2019-10-21
A1.1;1;2019-02-21;(わたしは) ☐ です。;;(私は、) ☐ です。;Ich heiße ☐ .;文;my_name_is;2019-10-21
A1.1;1;2019-02-21;(どうぞ) よろしく (おねがいします)。;;(どうぞ)よろしく (お願いします)。;Es freut mich, Sie kennen zu lernen!;文;nice_to_meet_you;2019-10-21
A1.1;1;2019-02-21;これから、 じゅぎうょう をはじめましよう。;;これから、 授業をはじめましよう。;Sollen wir mit dem Unterricht anfangen?;文;lets_start_with_the_lessons;2019-10-21
A1.1;1;2019-02-21;みなさん、おちやをのみましようか。;;みなさん、お茶を飲みましようか。;Lasst uns Tee trinken.;文;lets_trink_tea;2019-07-20
A1.1;1;2019-02-21;おちや;;お茶;Tee;名;tea;2019-10-21
A1.1;1;2019-02-21;はい、 そうですね。;;;Ja, gerne!;文;yes_of_course;
A1.1;1;2019-02-21;そうですね;;;gerne;副;of_course;
A1.1;1;2019-02-21;きようは、これでおわりです。;;今日は、これで終わりです。;Für heute sind wir fertig.;文;we_are_done_for_today;2019-07-20
A1.1;1;2019-02-21;ありがとう　ございました;;;Vielen Dank.;文;thank_you;
A1.1;1;2019-02-21;さようなら;;;Auf Wiedersehen.;文;goodbye;2019-07-20
A1.1;1;2019-02-21;かき;;柿;Kaki;名;kaki;2019-07-20
A1.1;1;2019-02-21;き;;木;Baum;名;tree;2019-07-20
A1.1;1;2019-02-21;かく;;書く;schreiben;動;to_write;2019-10-21
A1.1;1;2019-02-21;け;;毛;Haar;名;hair;2019-07-20
A1.1;1;2019-02-21;こ (ども);;子;Kind;名;child;2019-10-21
A1.1;2;2019-02-28;;メモ;;Memorandum;名;memo;
A1.1;2;2019-02-28;わたしは、 あなたをあいしています。;;わたしは、 あなたを愛しています。;Ich liebe dich.;文;i_love_you;2019-10-21
A1.1;2;2019-02-28;わかりましたか。;;;Haben Sie mich verstanden?;文;do_you_understand_me;
A1.1;3;2019-03-14;すばらしい;;;wunderbar;形;wonderful;2019-06-20
A1.1;3;2019-03-14;(とても) いいです (ね)。;;;Sehr gut!;形;very_good;2019-10-21
A1.1;3;2019-03-14;おはよう(ございます);;お早う(ございます);Guten Morgen!;文;good_morning;2019-12-13
A1.1;3;2019-03-14;こんにちは;;今日は;Guten Tag!;文;good_day;2019-07-20
A1.1;3;2019-03-14;こんばんは;;今晩は;Guten Abend!;文;good_evening;2019-07-20
A1.1;3;2019-03-14;;テスト;;Test;名;test;
A1.1;3;2019-03-14;いち;;一;1;数;;
A1.1;3;2019-03-14;に;;二;2;数;;
A1.1;3;2019-03-14;さん;;三;3;数;;
A1.1;3;2019-03-14;よん　(し);;四;4;数;;
A1.1;3;2019-03-14;ご;;五;5;数;;
A1.1;3;2019-03-14;ろく;;六;6;数;;
A1.1;3;2019-03-14;しち　(なな);;七;7;数;;
A1.1;3;2019-03-14;はち;;八;8;数;;
A1.1;3;2019-03-14;きゅう;;九;9;数;;
A1.1;3;2019-03-14;じゅう;;十;10;数;;
A1.1;3;2019-03-14;おいしいですか？;;;Schmeckt es?;文;does_it_taste;2019-07-20
A1.1;3;2019-03-14;はい、(とても)おいしいです。;;;Ja, es schmeckt (sehr) gut.;文;yes_it_tastes_good;
A1.1;3;2019-03-14;いいえ、おいしくありません。;;;Nein, es schmeckt nicht gut.;文;no_it_does_not_taste_good;
A1.1;3;2019-03-14;じこしようかい;;自己紹介;Selbsteinführung / Selbstvorstellung;名;self_introduction;2019-07-20
A1.1;3;2019-03-14;(わたしは、) ☐ にすんでいます。;;;Ich wohne in ☐ .;文;i_live_in;
A1.1;3;2019-03-14;うた;;歌;Gesang;名;singing;2019-07-20
A1.1;3;2019-03-14;あさあ;;朝;Morgen;名;morning;2019-07-20
A1.1;3;2019-03-14;(お)かし;;(お)菓子;Süßigkeiten;名;sweets;2019-07-20
A1.1;3;2019-03-14;(お)すし;;(お)寿司;Sushi;名;sushi;2019-10-21
A1.1;3;2019-03-14;せかい;;世界;Welt;名;world;2019-07-20
A1.1;3;2019-03-14;あそこ;;;dort drüben;副;over_there;
A1.1;3;2019-03-14;そこ;;;dort;副;there;
A1.1;3;2019-03-14;ここ;;;hier;副;here;
A1.1;4;2019-03-21;じゅういち;;十一;11;数;;
A1.1;4;2019-03-21;じゅうに;;十二;12;数;;
A1.1;4;2019-03-21;じゅうさん;;十三;13;数;;
A1.1;4;2019-03-21;じゅうよん　(じゅうし);;十四;14;数;;
A1.1;4;2019-03-21;じゅうご;;十五;15;数;;
A1.1;4;2019-03-21;じゅうろく;;十六;16;数;;
A1.1;4;2019-03-21;じゅうしち　(じゅうなな);;十七;17;数;;
A1.1;4;2019-03-21;じゅうはち;;十八;18;数;;
A1.1;4;2019-03-21;じゅうきゅう;;十九;19;数;;
A1.1;4;2019-03-21;にじゅう;;二十;20;数;;
A1.1;4;2019-03-21;した;;下に;unten;副;;2019-07-20
A1.1;4;2019-03-21;ち;;血;Blut;名;blood;2019-07-20
A1.1;4;2019-03-21;つけい;;机;Schreibtisch;名;desk;2019-07-20
A1.1;4;2019-03-21;いす;;椅子;Stuhl;名;chair;2019-07-20
A1.1;4;2019-03-21;て;;手;Hand;名;hand;2019-07-20
A1.1;4;2019-03-21;あし;;足;Fuß;名;foot;2019-07-20
A1.1;4;2019-03-21;とけい;;時計;Uhr;名;clock;2019-07-20
A1.1;4;2019-03-21;しゅみ;;趣味;Hobby;名;hobby;2019-07-20
A1.1;4;2019-03-21;と;;;und;接;and;2019-07-20
A1.1;4;2019-03-21;わたしのしゅいは、 ☐ です。;;;Mein Hobby ist ☐ .;文;my_hobby_is;
A1.1;4;2019-03-21;わたしのしゅいは、 ☐ と ☐ です。;;;Mein Hobby ist ☐ und ☐ .;文;my_hobby_is_and;
A1.1;4;2019-03-21;はい、(とても)(よく)わかりました。;;;Ja, ich habe (sehr) (gut) verstanden.;文;yes_i_understand;
A1.1;4;2019-03-21;いいえ、(ぜんぜん)　わかりません。;;;Nein, ich habe (gar) nicht verstanden.;文;no_i_do_not_understand;
A1.1;4;2019-03-21;すぽーつ;スポーツ;;Sport;名;sports;2019-07-20
A1.1;4;2019-03-21;けんどう;;剣道;Kendō;名;kendo;2019-07-20
A1.1;4;2019-03-21;じょぎんぐ;ジョギング;;Jogging;名;;
A1.1;4;2019-03-21;さんぽ;;散歩;Spaziergang;名;;
A1.1;4;2019-03-21;りようり;;料理;kochen;動;;2019-10-19
A1.1;4;2019-03-21;ほん;;本;Buch;名;;2019-07-20
A1.1;4;2019-03-21;どくしよ;;;Buch lesen;動;;
A1.1;4;2019-03-21;まんが;;漫画;Manga;名;;2019-07-20
A1.1;4;2019-03-21;まんが ぼんをよむこと;;まんが ぼんを読むこと;Manga lesen;動;;2019-10-21
A1.1;4;2019-03-21;おんがく;;音楽;Musik;名;;2019-07-20
A1.1;4;2019-03-21;おんがくかんしよう;;音楽鑑賞;Musik hören;動;;
A1.1;4;2019-03-21;にわ;;庭;Garten;名;;2019-07-20
A1.1;4;2019-03-21;にわしごと;;庭仕事;im Garten arbeiten;動;;2019-10-21
A1.1;4;2019-03-21;;コンピュータゲーム;;Videospiel;名;;2019-10-21
A1.1;4;2019-03-21;げーむ;ゲーム;;Game / Spiel;名;;2019-10-21
A1.1;4;2019-03-21;さいくりんぐ;サイクリング;;Fahrrad fahren;名;;2019-10-21
A1.1;4;2019-03-21;にほんごがくしゆう;;日本語学習;Japanisch lernen;動;;2019-10-21
A1.1;4;2019-03-21;しゃしん;;写真;Fotografie;名;;
A1.1;5;2019-03-28;あなた;;;Du / Sie;直示;;2019-03-31
A1.1;5;2019-03-28;わたし;;;Ich;直示;;2019-03-31
A1.1;5;2019-03-28;にく;;肉;Fleisch;名;;
A1.1;5;2019-03-28;いぬ;;犬;Hund;名;;
A1.1;5;2019-03-28;ねこ;;猫;Katze;名;;
A1.1;5;2019-03-28;のり;;海苔;Nori;名;;
A1.1;5;2019-03-28;にじゅういち;;二十一;21;数;;
A1.1;5;2019-03-28;にじゅうに;;二十二;22;数;;
A1.1;5;2019-03-28;にじゅうさん;;二十三;23;数;;
A1.1;5;2019-03-28;にじゅうよん　(にじゅうし);;二十四;24;数;;
A1.1;5;2019-03-28;にじゅうご;;二十五;25;数;;
A1.1;5;2019-03-28;にじゅうろく;;二十六;26;数;;
A1.1;5;2019-03-28;にじゅうしち　(にじゅうなな);;二十七;27;数;;
A1.1;5;2019-03-28;にじゅうはち;;二十八;28;数;;
A1.1;5;2019-03-28;にじゅうきゅう;;二十九;29;数;;
A1.1;5;2019-03-28;さんじゅう;;三十;30;数;;
A1.1;5;2019-03-28; たべもの;;食べ物;Essen;名;;2019-07-20
A1.1;5;2019-03-28;ごはん;;ご飯;Essen (Reis);名;;2019-10-22
A1.1;5;2019-03-28;しょくじ;;食事;Essen (Mahlzeit);名;;2019-07-20
A1.1;5;2019-03-28; べい;;米; Reis (ungekocht);名;;2019-07-20
A1.1;5;2019-03-28; ごはん;;ご飯; Reis (gekocht);名;;2019-07-20
A1.1;5;2019-03-28;わたしのすきなたべものは、 ☐ です。;;;Mein Lieblingsessen ist ☐ .;文;my_favorite_food_is;2019-04-11
A1.1;5;2019-03-28;あたまが　よい　(いい);;頭がいい;klug;形;;2019-07-20
A1.1;5;2019-03-28;ぴざ;ピザ;;Pizza;名;;2019-07-20
A1.1;5;2019-03-28;めんるい;;麺類;Nudelgericht;名;;
A1.1;5;2019-03-28;けばぶ;ケバブ;;Kebap;名;;
A1.1;5;2019-03-28;さかな;;魚;Fisch;名;;2019-07-20
A1.1;5;2019-03-28;やさい;;野菜;Gemüse;名;;2019-07-20
A1.1;5;2019-03-28;くだもの;;果物;Obst;名;;2019-07-20
A1.1;5;2019-03-28;あいす;アイスクリーム;;Eis;名;;2019-07-20
A1.1;5;2019-03-28;ちゅうかりょうり;;中華料理;chinesisches Gericht;名;;2019-10-22
A1.1;5;2019-03-28;いんどりようり;;インド料理;indisches Gericht;名;;2019-10-22
A1.1;5;2019-03-28;からいもの;;辛い物;scharfes Essen;名;;2019-10-22
A1.1;5;2019-03-28;はんバーがー;ハンバーガー;;Hamburger;名;;2019-10-22
A1.1;5;2019-03-28;ふらいどぽてと;フライドポテト;;Pommes Frites;名;;2019-07-20
A1.1;5;2019-03-28;いたりあようり;イタリア料理;;italienisches Gericht;名;;2019-10-22
A1.1;6;2019-04-04;ひゃく;;百;100;数;;
A1.1;6;2019-04-04;ひゃくいち;;百一;101;数;;
A1.1;6;2019-04-04;ひゃくに;;百二;102;数;;
A1.1;6;2019-04-04;ひゃくさん;;百三;103;数;;
A1.1;6;2019-04-04;ひゃくよん　(ひゃくし);;百四;104;数;;
A1.1;6;2019-04-04;ひゃくご;;百五;105;数;;
A1.1;6;2019-04-04;ひゃくろく;;百六;106;数;;
A1.1;6;2019-04-04;ひゃくしち　(ひゃくなな);;百七;107;数;;
A1.1;6;2019-04-04;ひゃくはち;;百八;108;数;;
A1.1;6;2019-04-04;ひゃくきゅう;;百九;109;数;;
A1.1;6;2019-04-04;ひゃくじゅう;;百十;110;数;;
A1.1;6;2019-04-04;は;;歯;Zahn;名;;
A1.1;6;2019-04-04;は;;葉;Blatt;名;;
A1.1;6;2019-04-04;ひ;;火;Feuer;名;;
A1.1;6;2019-04-04;ひ;;日;Tag;名;;
A1.1;6;2019-04-04;とうふ;;豆腐;Tofu;名;;
A1.1;6;2019-04-04;へいわ;;平和;Frieden;名;;
A1.1;6;2019-04-04;ほんとう;;本当;echt;形;;
A1.1;6;2019-04-04;わたしのすきなのみものは、 ☐ です。;;私の好きな飲み物は、 ☐ です。;Mein Lieblingsgetränk ist ☐ .;文;my_favorite_drink_is;2019-10-22
A1.1;6;2019-04-04;のみもの;;飲み物;Getränk;名;;2019-07-20
A1.1;6;2019-04-04;すきなのみもの;;好きな飲み物;Lieblingsgetränk;名;;2019-10-22
A1.1;6;2019-04-04;みず;;水;Wasser;名;;
A1.1;6;2019-04-04;たんさんすい;;炭酸水;Sprudel / Mineralwasser;名;;2019-07-20
A1.1;6;2019-04-04;こーひー;コーヒー;;Kaffee;名;;2019-07-20
A1.1;6;2019-04-04;おれんじじゆーす;オレンジジュース;;Orangensaft;名;;2019-07-20
A1.1;6;2019-04-04;りんごじゆーす;リンゴジュース;;Apfelsaft;名;;2019-10-22
A1.1;6;2019-04-04;びーる;ビール;;Bier;名;;2019-07-20
A1.1;6;2019-04-04;わいん;ワイン;;Wein;名;;2019-07-20
A1.1;6;2019-04-04;さけ;;酒;Sake;名;;
A1.1;6;2019-04-04;こーら;コーラ;;Cola;名;;2019-07-20
A1.1;6;2019-04-04;ぎゅうにゅう;;牛乳;Milch;名;;2019-07-20
A1.1;6;2019-04-04;こにやなく;コニヤツク;;Kognak;名;;2019-10-22
A1.1;7;2019-04-11;せん;;千;1000;数;;2019-05-15
A1.1;7;2019-04-11;せんいち;;千一;1001;数;;
A1.1;7;2019-04-11;せんに;;千二;1002;数;;
A1.1;7;2019-04-11;せんさん;;千三;1003;数;;
A1.1;7;2019-04-11;せんよん　(せんし);;千四;1004;数;;
A1.1;7;2019-04-11;せんご;;千五;1005;数;;
A1.1;7;2019-04-11;;;千九百九十九;1999;数;;
A1.1;7;2019-04-11;;;二千;2000;数;;
A1.1;7;2019-04-11;;;三千;3000;数;;
A1.1;7;2019-04-11;;;四千;4000;数;;
A1.1;7;2019-04-11;わたしのすきなあいすくりーむは、 ☐ です。;;私の好きなアイスクリームは、 ☐ です。;Mein Lieblingseis ist ☐ .;文;my_favorite_ice_cream_is;2019-10-22
A1.1;7;2019-04-11;すきなあいすくりーむ;好きなアイスクリーム;;Lieblingseis;名;;
A1.1;7;2019-04-11;ばにら;バニラ;;Vanille;名;;
A1.1;7;2019-04-11;ちよこれーと;チョコレート;;Schokolade;名;;
A1.1;7;2019-04-11;いちご;イチゴ;;Erdbeere;名;;
A1.1;7;2019-04-11;らずべりー;ラズベリー;;Himbeere;名;;
A1.1;7;2019-04-11;なっっ;ナッツ;;Nuss;名;;
A1.1;7;2019-04-11;よーぐると;ヨーグルト;;Joghurt;名;;
A1.1;7;2019-04-11;まつちゃ;;抹茶;Matcha;名;;
A1.1;7;2019-04-11;まんごー;マンゴー;;Mango;名;;
A1.1;7;2019-04-11;たまご;;卵;Ei;名;;2019-07-20
A1.1;7;2019-04-11;みみ;;耳;Ohr;名;;2019-07-20
A1.1;7;2019-04-11;むね;;胸;Brust;名;;2019-07-20
A1.1;7;2019-04-11;め;;目;Auge;名;;2019-07-20
A1.1;8;2019-05-02;もも;;桃;Pfirisch;名;;2019-07-20
A1.1;8;2019-05-02;やま;;山;Berg;名;;2019-07-20
A1.1;8;2019-05-02;うみ;;海;Meer / die See;名;;2019-07-20
A1.1;8;2019-05-02;ゆき;;雪;Schnee;名;;2019-07-20
A1.1;8;2019-05-02;あめ;;雨;Regen;名;;2019-07-20
A1.1;8;2019-05-02;よろしく　おねがいします。;;;Vielen Dank.;文;;2019-05-16
A1.1;8;2019-05-02;;;一万;10000;数;;
A1.1;8;2019-05-02;;;二万;20000;数;;
A1.1;8;2019-05-02;;;十万;100000;数;;
A1.1;8;2019-05-02;;;百万;1000000;数;;
A1.1;8;2019-05-02;;;千万;10000000;数;;
A1.1;8;2019-05-02;くだもの;;果物;Frucht;名;;2019-07-20
A1.1;8;2019-05-02;わたしのすきなくだものは、 ☐ です。;;私の好きなくだものは、 ☐ です。;Meine Lieblingsfrucht ist ☐ .;文;my_favorite_fruit_is;2019-10-22
A1.1;8;2019-05-02;りんご;;;Apfel;名;;2019-07-20
A1.1;8;2019-05-02;ぶらつくべりー;フラツクベリー;;Brombeere;名;;2019-07-20
A1.1;8;2019-05-02;おれんじ;オレンジ;;Orange;名;;2019-07-20
A1.1;8;2019-05-02;なし;ナシ;;Birne;名;;2019-07-20
A1.1;8;2019-05-02;ばなな;バナナ;;Banane;名;;2019-07-20
A1.1;8;2019-05-02;ぶどう;ブドウ;;Traube;名;;2019-07-20
A1.1;8;2019-05-02;あんず;アンズ;;Aprikose;名;;2019-07-20
A1.1;8;2019-05-02;れもん;レモン;;Zitrone;名;;2019-07-20
A1.1;8;2019-05-02;すいか;スイカ;;Wassermelone;名;;2019-07-20
A1.1;8;2019-05-02;めろん;メロン;;Melone;名;;2019-07-20
A1.1;8;2019-05-02;ぱいなつぷる;パイナップル;;Ananas;名;;2019-10-22
A1.1;9;2019-05-09;らーめん;ラーメン;拉麺;Ramen;名;;2019-07-20
A1.1;9;2019-05-09;おりがみ;;折り紙;Origami;名;;2019-07-20
A1.1;9;2019-05-09;する;;;machen;動;;
A1.1;9;2019-05-09;なにする？;;;Was machen wir?;文;;
A1.1;9;2019-05-09;れいぞうこ;;冷蔵庫;Kühlschrank;名;;2019-07-20
A1.1;9;2019-05-09;おげんきですか。;;お元気ですか。;Wie geht es dir? / Wie geht es Ihnen?;文;how_are_you;2019-07-20
A1.1;9;2019-05-09;はい、(わたしは) (とても) げんきです。;;はい、私は（とても）元気です。;Ja, es geht mir (sehr) gut.;文;i_am_fine;2019-07-20
A1.1;9;2019-05-09;いいえ、(わたしは) げんきではありません。;;いいえ、体調が悪いです。;Nein, es geht mir nicht gut.;文;i_do_not_feel_good;2019-07-20
A1.1;9;2019-05-09;わたしは、びようきです。;;私は、病気です。;Ich bin krank.;文;i_am_sick;2019-07-20
A1.1;9;2019-05-09;おだいじに！;;お大事に!;Gute Besserung!;文;get_well;2019-07-20
A1.1;9;2019-05-09;たんじょうび;;誕生日;Geburtstag;名;birthday;2019-07-20
A1.1;9;2019-05-09;(わたしの) たんじょうび は、☐げつ☐ひです。;;(私の) 誕生日 は、☐月☐日です。;Mein Geburtstag ist am ☐  ☐ .;文;my_birthday_is;2019-07-20
A1.1;10;2019-05-16;これをください。;;;Geben Sie mir bitte das!;文;;
A1.1;10;2019-05-16;いろ;;色;Farbe;名;;2019-07-20
A1.1;10;2019-05-16;わたしのすきないろは、☐です。;;わたしのすきな色は、☐です。;Meine Lieblingsfarbe ist ☐ .;文;my_favorite_color_is;2019-07-20
A1.1;10;2019-05-16;しろ;;白い;weiß;形;;2019-07-20
A1.1;10;2019-05-16;きいろ;;黄色;gelb;形;;2019-07-20
A1.1;10;2019-05-16;おれんじ;オレンジ;オレンジ色の;orange;形;;2019-07-20
A1.1;10;2019-05-16;あか;;赤;rot;形;;
A1.1;10;2019-05-16;ぴんく;ピンク;;rosa;形;;
A1.1;10;2019-05-16;むらさき;;紫;lila;形;;
A1.1;10;2019-05-16;あお;;青;blau;形;;
A1.1;10;2019-05-16;こん;;紺;nachtblau;形;;2019-07-14
A1.1;10;2019-05-16;みどり;;緑;grün;形;;
A1.1;10;2019-05-16;はいいろ;;灰色;grau;形;;
A1.1;10;2019-05-16;ちやいろ;;茶色;braun;形;;
A1.1;10;2019-05-16;べーじゆ;ベージュ;;beige;形;;
A1.1;10;2019-05-16;くろ;;黒;schwarz;形;;
A1.1;10;2019-05-16;;;一兆;1000000000000;数;;
A1.1;10;2019-05-16;;;十兆;10000000000000;数;;
A1.1;10;2019-05-16;;;百兆;100000000000000;数;;
A1.1;10;2019-05-16;;;千兆;1000000000000000;数;;
A1.1;11;2019-05-23;きようは、☐がつ☐にちです。;;今日は、☐月☐日です。;Heute ist der ☐ ☐.;文;today_is;
A1.1;13;2019-06-27;げつようび;;月よう日;Montag;名;monday;
A1.1;13;2019-06-27;かようび;;火よう日;Dienstag;名;tuesday;
A1.1;13;2019-06-27;すいようび;;水よう日;Mittwoch;名;wednesday;
A1.1;13;2019-06-27;もくようび;;木よう日;Donnerstag;名;thursday;
A1.1;13;2019-06-27;きんようび;;金よう日;Freitag;名;friday;
A1.1;13;2019-06-27;どようび;;土よう日;Samstag;名;saturday;
A1.1;13;2019-06-27;にちようび;;日よう日;Sonntag;名;sunday;
A1.1;13;2019-06-27;げつ;;月;Mond / Monat;名;month;
A1.1;13;2019-06-27;か;;火;Feuer;名;fire;
A1.1;13;2019-06-27;すい;;水;Wasser;名;water;
A1.1;13;2019-06-27;もく;;木;Baum;名;;
A1.1;13;2019-06-27;きん;;金;Gold / Geld;名;gold_money;
A1.1;13;2019-06-27;ど;;土;Erde;名;earth;
A1.1;13;2019-06-27;にち;;日;Tag / Sonne;名;sun_day;
A1.1;13;2019-06-27;あつい;;暑い;heiß;名;hot;2019-10-22
A1.1;13;2019-06-27;さむい;;寒い;kalt;名;cold;2019-10-22
A1.1;14;2019-07-04;きせつ;;季節;Jahreszeit;名;season;
A1.1;14;2019-07-04;はる;;春;Frühling;名;spring;
A1.1;14;2019-07-04;なつ;;夏;Sommer;名;summer;
A1.1;14;2019-07-04;あき;;秋;Herbst;名;autumn;
A1.1;14;2019-07-04;ふゆ;;冬;Winter;名;winter;
A1.2;2;2019-10-17;わたしは、 ☐ じんです。;;私は、 ☐ 人です。;Ich bin ☐.;文;i_am_from;
A1.2;2;2019-10-17;どいつ;ドイツ;独逸;deutsch;形;;
A1.2;2;2019-10-17;えいご;エイゴ;英語;englisch;形;;
A1.2;2;2019-10-17;にほんご;ニホンノ;日本語;japanisch;形;;
A1.2;3;2019-10-24;がこせい;;学生;Schüler(in), Student(in);名;;
A1.2;3;2019-10-24;かいしやいん;;todo;Arbeiter(in), Angestellte(r);名;;
A1.2;3;2019-10-24;じえいぎようしや;;todo;Selbstständige(r);名;;
A1.2;3;2019-10-24;しやふ;;主婦;Hausfrau, Hausmann;名;;
A1.2;3;2019-10-24;ねんきんせいかつしや;;年金受給者;Rentner(in);名;;
A1.2;3;2019-10-24;むしよく;;todo;Arbeitslose(r);名;;
A1.2;3;2019-10-24;ぎじゆつしや;;todo;Techniker(in);名;;
A1.2;3;2019-10-24;えんじにあ;エンジニア;;Ingenieur(in);名;;
A1.2;3;2019-10-24;ぞうえんし;;todo;Gartenarchitekt;名;;
A1.2;5;2019-11-14;いしや;;;Arzt/Ärztin;名;;
A1.2;5;2019-11-14;め;;;Auge;名;;
A1.2;5;2019-11-14;めいしや;;;Augenarzt/Augenärztin;名;;
A1.2;5;2019-11-14;は;;;Zahn;名;;
A1.2;5;2019-11-14;はいしや;;;Zahnarzt/Zahnärztin;名;;
A1.2;5;2019-11-14;はじめまして;;;Angenehm!/Sehr erfreut!;文;;2020-01-06
A1.2;5;2019-11-14;かいしや;;;Firma;名;;
A1.2;5;2019-11-14;かいしやいん;;;Firmenangestellte(-r);名;;
A1.2;6;2019-11-21;すみません;;;Entschuldigen Sie, bitte!;文;;2020-01-06
A1.2;6;2019-11-21;なまえ;;;Name;名;;
A1.2;6;2019-11-21;しごと;;;Beruf/Arbeit;名;;
A1.2;6;2019-11-21;さかな;;;Fisch;名;;
A1.2;6;2019-11-21;;;さかな屋;Fischgeschäft;名;;
A1.2;6;2019-11-21;はな;;;Blume;名;;
A1.2;6;2019-11-21;;;はな屋;Blumenladen;名;;
A1.2;6;2019-11-21;すし;;;Sushi;名;;
A1.2;6;2019-11-21;;;すし屋;Sushi-Restaurant;名;;
A1.2;6;2019-11-21;パン;;;Brot;名;;
A1.2;6;2019-11-21;;;パン屋;Bäckerei;名;;
A1.2;6;2019-11-21;では／じや;;;nun, bis dann;;;
A1.2;6;2019-11-21;また;;;wieder;;;
A1.2;6;2019-11-21;あした;;;morgen;;;
A1.2;6;2019-11-21;らいしゆう;;;nächste Woche;;;
A1.2;6;2019-11-21;また　らいしゆう;;;Bis nächste Woche!;文;;
A1.2;6;2019-11-21;さようなら;;;Auf Wiedersehen!;文;;
A1.2;6;2019-11-21;おやすみなさい;;;Gute Nacht!;文;;
A1.2;6;2019-11-21;バイバイ;;;Tschüss!;文;;
A1.2;6;2019-11-21;これ;;;das hier;;;
A1.2;6;2019-11-21;それ;;;das da;;;
A1.2;6;2019-11-21;でも;;;aber;;;
A1.2;6;2019-11-21;どれ;;;welches;;;
A1.2;6;2019-11-21;はし;;;Essstäbchen;名;;
A1.2;6;2019-11-21;きもの;;;Kimono;名;;
A1.2;6;2019-11-21;たまご;;;Ei;名;;
A1.2;6;2019-11-21;しようゆ;;;Sojasoße;名;;
A1.2;6;2019-11-21;;ソース;;Soße;名;;
A1.2;9;2019-12-12;ごはん;;;gekochter Reis / Mahlzeit;名;;
A1.2;9;2019-12-12;つくえ;;;Tisch;名;;
A1.2;9;2019-12-12;いす;;;Stuhl;名;;
A1.2;9;2019-12-12;うち／いえ;;;Haus / zu Hause;名;;
A1.2;9;2019-12-12;しゆみ;;;Hobby;名;;
A1.2;9;2019-12-12;じようば;;;Reiten;名;;
A1.2;9;2019-12-12;りようり;;;Gericht / Kochen;名;;
A1.2;9;2019-12-12;どくしよ;;;Bücherlesen;名;;
A1.2;9;2019-12-12;にほんご;;日本語;Japanisch;名;;
A1.2;9;2019-12-12;えいご;;英語;Englisch;名;;
A1.2;9;2019-12-12;どいつご;;ドイツ語;Deutsch;名;;
A1.2;9;2019-12-12;でした;;;Vergangenheitsform von;副;;
A1.2;9;2019-12-12;ひしよ;;;Sekretärin;名;;
A1.2;9;2019-12-12;まえ;;;vorne / früher;副;;
A1.2;9;2019-12-12;いま;;;jetzt / heute / zur Zeit;副;;
A1.2;9;2019-12-12;おんがく;;;Musik;名;;
A1.2;9;2019-12-12;まだ;;;noch;副;;
A1.2;9;2019-12-12;そう／そうですか;;;So? / Ist das so? ich verstehe.;文;;
A1.2;9;2019-12-12;;ハンス;;Hans;名;;
A1.2;9;2019-12-12;;ハーバード;;Harvard;名;;
A1.2;9;2019-12-12;だいがく;;大学;Universität / Hochschule;名;;
A1.2;9;2019-12-12;だいがくせい／がくせい;;大学生／学生;Student;名;;
A1.2;9;2019-12-12;にほんがく;;日本学;Japanologie;名;;
A1.2;9;2019-12-12;しみんだいがく;;しみん大学;Volkshochschule;名;;
A1.2;9;2019-12-12;おんがくだいがく;;音大;Musikhochschule;名;;
